epoch,batch,trial,tr_loss_classifier,tr_loss_reconstruction,tr_loss_py,tr_loss_y_kl,tr_loss_y_kl_uniform,tr_kl_weight,tr_loss_z_kl,tr_loss,dataset,best_val_epoch,val_loss_classifier,val_loss_reconstruction,val_loss_py,val_loss_y_kl,val_loss_y_kl_uniform,val_kl_weight,val_loss_z_kl,val_loss
0,8,-1,12.147076924641928,80.28740607367621,2.151050885518392,55.03390121459961,55.03390121459961,0.09999999999999999,0.10882420672310723,1047.4600490993923,-1,,,,,,,,,
1,8,-1,,,,,,,,,-1,1.0,11.528831005096436,95.89945220947266,2.1817946434020996,48.048274993896484,48.048274993896484,0.1,0.10198094248771668,1004.6912231445312
1,8,-1,12.071671273973253,79.66068183051215,2.1325990888807507,51.068601820203995,51.068601820203995,0.09999999999999999,0.10479558375146655,1003.7758110894097,-1,,,,,,,,,
2,8,-1,,,,,,,,,-1,2.0,11.381043434143066,93.16860580444336,2.130425453186035,42.21528625488281,42.21528625488281,0.1,0.09770214855670929,935.9111022949219
2,8,-1,11.931683540344238,77.45890087551541,2.1070515049828424,42.41938612196181,42.41938612196181,0.09999999999999999,0.09856215781635708,908.3200751410591,-1,,,,,,,,,
3,8,-1,,,,,,,,,-1,3.0,11.312600135803223,91.15885162353516,2.1268410682678223,37.85537147521973,37.85537147521973,0.1,0.09414420723915101,883.7558898925781
3,8,-1,11.842663870917427,76.61191007826064,2.0860152774386935,37.848445892333984,37.848445892333984,0.09999999999999999,0.09607075783941481,856.3969794379341,-1,,,,,,,,,
4,8,-1,,,,,,,,,-1,4.0,11.303586483001709,89.72021865844727,2.08237361907959,29.11604881286621,29.11604881286621,0.1,0.08935779333114624,789.8057861328125
4,8,-1,11.796988911098904,74.4142337375217,2.048129929436578,31.405987209743923,31.405987209743923,0.09999999999999999,0.09416067004203794,785.6031222873264,-1,,,,,,,,,
5,8,-1,,,,,,,,,-1,5.0,11.378569602966309,87.83613586425781,2.0870015621185303,22.49384880065918,22.49384880065918,0.1,0.0858120322227478,717.6629028320312
5,8,-1,11.822337256537544,73.22172546386719,2.0314028792911105,26.956673092312283,26.956673092312283,0.09999999999999999,0.08968879646725127,737.2146538628472,-1,,,,,,,,,
6,8,-1,,,,,,,,,-1,6.0,11.465902328491211,87.5867691040039,2.070492386817932,20.106430053710938,20.106430053710938,0.1,0.08617850542068482,690.5999755859375
6,8,-1,11.890504201253256,72.36954159206815,2.0190530485577054,21.58517116970486,21.58517116970486,0.09999999999999999,0.08859592345025805,680.5690578884548,-1,,,,,,,,,
7,8,-1,,,,,,,,,-1,7.0,11.577138900756836,86.51044082641602,2.0408648252487183,17.52683925628662,17.52683925628662,0.1,0.08609681129455568,661.3080139160156
7,8,-1,11.974635654025608,70.5096172756619,1.9983006715774536,17.046902550591362,17.046902550591362,0.09999999999999999,0.08574714197052852,631.8774481879341,-1,,,,,,,,,
8,8,-1,,,,,,,,,-1,8.0,11.728238105773926,85.48105239868164,2.0349268913269043,11.65632677078247,11.65632677078247,0.1,0.08664893805980683,599.4718322753906
8,8,-1,12.085097736782497,69.83941862318251,1.9863489601347182,14.907279862297905,14.907279862297905,0.09999999999999999,0.08420730696784126,608.6108737521702,-1,,,,,,,,,
9,8,-1,,,,,,,,,-1,9.0,11.910418033599854,84.37063598632812,2.0243438482284546,9.962110042572021,9.962110042572021,0.1,0.08512339293956758,579.6247863769531
9,8,-1,12.22733243306478,68.60040961371527,1.985293573803372,11.358017285664877,11.358017285664877,0.09999999999999999,0.08883157306247286,570.7793579101562,-1,,,,,,,,,
10,8,-1,,,,,,,,,-1,10.0,12.120296478271484,83.13274574279785,2.011033773422241,7.193021774291992,7.193021774291992,0.1,0.08626973927021028,548.3219299316406
10,8,-1,12.396284739176432,67.67267735799153,1.9756602048873901,9.47604497273763,9.47604497273763,0.09999999999999999,0.08506719801161025,549.7459106445312,-1,,,,,,,,,
11,8,-1,,,,,,,,,-1,11.0,12.318804740905762,82.4287223815918,2.0315977334976196,6.9478161334991455,6.9478161334991455,0.1,0.08990042507648469,543.0642395019531
11,8,-1,12.576927926805284,66.53549236721463,1.944848895072937,7.928751309712728,7.928751309712728,0.09999999999999999,0.09120902948909337,531.3211330837673,-1,,,,,,,,,
12,8,-1,,,,,,,,,-1,12.0,12.515573501586914,80.68784141540527,1.9789896607398987,4.996644020080566,4.996644020080566,0.1,0.08696239888668061,519.4212036132812
12,8,-1,12.750151422288683,65.78031455145941,1.9496821694903903,7.294399526384142,7.294399526384142,0.09999999999999999,0.08888291716575623,522.4003092447916,-1,,,,,,,,,
13,8,-1,,,,,,,,,-1,13.0,12.773232460021973,80.26416969299316,1.9900059700012207,4.884278059005737,4.884278059005737,0.1,0.09281414449214936,514.3740997314453
13,8,-1,12.942891226874458,64.60357454087999,1.9375660022099812,6.159703413645427,6.159703413645427,0.09999999999999999,0.08953088654412164,507.36433580186633,-1,,,,,,,,,
14,8,-1,,,,,,,,,-1,14.0,12.989811420440674,78.62214469909668,1.9631130695343018,4.229647159576416,4.229647159576416,0.1,0.0926760107278824,502.9847412109375
14,8,-1,13.163763152228462,63.96456612481011,1.915506535106235,4.8397376537323,4.8397376537323,0.09999999999999999,0.10310930609703065,490.3793707953559,-1,,,,,,,,,
15,8,-1,,,,,,,,,-1,15.0,13.185896873474121,78.94011878967285,1.99185049533844,3.865358829498291,3.865358829498291,0.1,0.09960269331932067,496.298583984375
15,8,-1,13.344248241848415,62.95722198486328,1.9133070707321167,4.687636984719171,4.687636984719171,0.09999999999999999,0.09399462540944419,484.97598944769965,-1,,,,,,,,,
16,8,-1,,,,,,,,,-1,16.0,13.36375904083252,77.93598937988281,1.9476990699768066,2.9924181699752808,2.9924181699752808,0.1,0.09970018863677979,482.89366149902344
16,8,-1,13.507598770989311,62.24982198079427,1.9055604404873319,3.7967832883199057,3.7967832883199057,0.09999999999999999,0.10439175698492262,472.1156514485677,-1,,,,,,,,,
17,8,-1,,,,,,,,,-1,17.0,13.545142650604248,76.07086372375488,1.9681220054626465,2.73937451839447,2.73937451839447,0.1,0.1065977692604065,474.75115966796875
17,8,-1,13.664008882310656,61.54580942789713,1.898056321673923,3.1676460372077093,3.1676460372077093,0.09999999999999999,0.10890967514779834,461.8641662597656,-1,,,,,,,,,
18,8,-1,,,,,,,,,-1,18.0,13.687993049621582,76.16940689086914,1.9660075902938843,2.6488330364227295,2.6488330364227295,0.1,0.10769501924514771,470.4491729736328
18,8,-1,13.812330881754557,60.58220566643609,1.900477581553989,2.9619874159495034,2.9619874159495034,0.09999999999999999,0.11407283610767788,455.53185017903644,-1,,,,,,,,,
19,8,-1,,,,,,,,,-1,19.0,13.824678897857666,75.63162422180176,1.9258995652198792,2.4956231117248535,2.4956231117248535,0.1,0.11015137434005737,464.5775604248047
19,8,-1,13.932852851019966,59.9274648030599,1.8899676137500339,2.5514806509017944,2.5514806509017944,0.09999999999999999,0.113988909456465,447.40835910373266,-1,,,,,,,,,
20,8,-1,,,,,,,,,-1,20.0,13.985721111297607,76.03473663330078,1.9329294562339783,2.0666593313217163,2.0666593313217163,0.1,0.12296535968780518,456.5114288330078
20,8,-1,14.064499961005318,59.58210457695855,1.8924209674199421,2.2966043949127197,2.2966043949127197,0.09999999999999999,0.12722471091482376,440.73582628038196,-1,,,,,,,,,
21,8,-1,,,,,,,,,-1,21.0,14.165887832641602,74.37753486633301,1.9216037392616272,1.6997529864311218,1.6997529864311218,0.1,0.1202225923538208,447.0090026855469
21,8,-1,14.218765364752876,58.61441887749566,1.8661964999304876,2.0602282020780773,2.0602282020780773,0.09999999999999999,0.13667938046985204,433.57923719618054,-1,,,,,,,,,
22,8,-1,,,,,,,,,-1,22.0,14.27408504486084,74.12884140014648,1.9373141527175903,1.4546664953231812,1.4546664953231812,0.1,0.12935414910316467,440.3704071044922
22,8,-1,14.352363268534342,58.19201914469401,1.8825561470455594,1.8733418120278253,1.8733418120278253,0.09999999999999999,0.13615522914462622,427.49104478624133,-1,,,,,,,,,
23,8,-1,,,,,,,,,-1,23.0,14.379091739654541,73.24514579772949,1.904642403125763,1.2187967896461487,1.2187967896461487,0.1,0.14426581859588622,432.6676940917969
23,8,-1,14.450277222527397,58.14148500230577,1.869438436296251,2.354945500691732,2.354945500691732,0.09999999999999999,0.12263643410470751,428.23148939344617,-1,,,,,,,,,
24,8,-1,,,,,,,,,-1,24.0,14.494856834411621,73.45599365234375,1.9009726643562317,1.146190106868744,1.146190106868744,0.1,0.15623578429222107,427.7041320800781
24,8,-1,14.543654653761122,57.72703976101346,1.8603788481818304,1.983430200152927,1.983430200152927,0.09999999999999999,0.14820849365658229,419.9339904785156,-1,,,,,,,,,
25,8,-1,,,,,,,,,-1,25.0,14.613859176635742,72.82170486450195,1.9010941982269287,1.0256857872009277,1.0256857872009277,0.1,0.1645334839820862,421.7572479248047
25,8,-1,14.649458355373806,57.21257400512695,1.8559860918256972,1.6410422854953342,1.6410422854953342,0.09999999999999999,0.15287368562486436,411.97485690646704,-1,,,,,,,,,
26,8,-1,,,,,,,,,-1,26.0,14.700084209442139,72.4041919708252,1.899038553237915,0.9821729362010956,0.9821729362010956,0.1,0.18089335560798647,416.8960418701172
26,8,-1,14.750235663519966,57.04256269666884,1.8619373242060344,1.6408169468243916,1.6408169468243916,0.09999999999999999,0.16367886198891535,407.80719672309027,-1,,,,,,,,,
27,8,-1,,,,,,,,,-1,27.0,14.785740852355957,72.69291877746582,1.9008597135543823,0.8943976163864136,0.8943976163864136,0.1,0.2026194453239441,412.25904846191406
27,8,-1,14.830975108676487,57.10948138766818,1.850762618912591,1.7786812517378066,1.7786812517378066,0.09999999999999999,0.16768838697009616,405.2326354980469,-1,,,,,,,,,
28,8,-1,,,,,,,,,-1,28.0,14.89460039138794,72.41476631164551,1.8831340670585632,0.7743809819221497,0.7743809819221497,0.1,0.21790961027145386,406.4983825683594
28,8,-1,14.92606872982449,56.47645611233182,1.8545282284418743,1.474056879679362,1.474056879679362,0.09999999999999999,0.21231565078099568,397.52738104926215,-1,,,,,,,,,
29,8,-1,,,,,,,,,-1,29.0,14.972333431243896,72.46449279785156,1.8869702219963074,0.7751847505569458,0.7751847505569458,0.1,0.23894639015197755,402.51756286621094
29,8,-1,15.013058026631674,56.19747331407335,1.8429867691463895,1.0021277003818088,1.0021277003818088,0.09999999999999999,0.23177969455719,388.44806586371527,-1,,,,,,,,,
30,8,-1,,,,,,,,,-1,30.0,15.077843189239502,71.85564613342285,1.8494746685028076,0.6801220774650574,0.6801220774650574,0.1,0.25598945617675783,396.59837341308594
30,8,-1,15.095490667555067,56.6691468556722,1.8450022273593478,1.0420636865827773,1.0420636865827773,0.09999999999999999,0.2321438206566705,385.28206041124133,-1,,,,,,,,,
31,8,-1,,,,,,,,,-1,31.0,15.154097557067871,71.61861419677734,1.8674352765083313,0.6404598355293274,0.6404598355293274,0.1,0.2805216431617737,392.0472869873047
31,8,-1,15.194337844848633,56.1293936835395,1.8395180967119005,1.2814580864376492,1.2814580864376492,0.09999999999999999,0.21415968868467547,382.9671698676215,-1,,,,,,,,,
32,8,-1,,,,,,,,,-1,32.0,15.238211631774902,72.00835609436035,1.8769810199737549,0.6065474450588226,0.6065474450588226,0.1,0.30186536312103274,388.01390075683594
32,8,-1,15.262371063232422,56.084256913926865,1.8314878543217976,0.93167644739151,0.93167644739151,0.09999999999999999,0.28195559978485113,375.6244812011719,-1,,,,,,,,,
33,8,-1,,,,,,,,,-1,33.0,15.319702625274658,71.28190803527832,1.877171277999878,0.5556826889514923,0.5556826889514923,0.1,0.3236398696899414,382.9019012451172
33,8,-1,15.34733337826199,55.60105196634928,1.8251974715126886,0.8847711748547025,0.8847711748547025,0.09999999999999999,0.29728115929497617,370.72675238715277,-1,,,,,,,,,
34,8,-1,,,,,,,,,-1,34.0,15.409754276275635,71.00870132446289,1.8457154631614685,0.5267496854066849,0.5267496854066849,0.1,0.3415271878242493,378.4345245361328
34,8,-1,15.427515665690104,55.805077446831596,1.826180272632175,0.7146825657950507,0.7146825657950507,0.09999999999999999,0.3498122639126248,365.56017049153644,-1,,,,,,,,,
35,8,-1,,,,,,,,,-1,35.0,15.50468921661377,71.00546646118164,1.8588315844535828,0.5232100486755371,0.5232100486755371,0.1,0.3597502827644348,374.6168212890625
35,8,-1,15.515964296129015,55.77738783094618,1.8187615738974676,1.0151829222838085,1.0151829222838085,0.09999999999999999,0.34787587457233005,364.76417371961804,-1,,,,,,,,,
36,8,-1,,,,,,,,,-1,36.0,15.61875057220459,70.37525367736816,1.8425227999687195,0.5051677972078323,0.5051677972078323,0.1,0.36443012952804565,369.6576232910156
36,8,-1,15.614880137973362,54.997158686319985,1.8052482340070937,0.7735866970486112,0.7735866970486112,0.09999999999999999,0.3763960772090489,357.79529147677954,-1,,,,,,,,,
37,8,-1,,,,,,,,,-1,37.0,15.684778213500977,70.5766544342041,1.8358163237571716,0.48619967699050903,0.48619967699050903,0.1,0.3807504892349243,365.9272155761719
37,8,-1,15.699021339416504,54.80558988783095,1.804294639163547,1.0117812785837386,1.0117812785837386,0.09999999999999999,0.39203913211822505,356.28565809461804,-1,,,,,,,,,
38,8,-1,,,,,,,,,-1,38.0,15.759164333343506,69.95845413208008,1.8356230854988098,0.5067918300628662,0.5067918300628662,0.1,0.40649031400680546,362.0630645751953
38,8,-1,15.769803682963053,54.60749816894531,1.8054246637556288,0.8733512924777137,0.8733512924777137,0.09999999999999999,0.33795809745788574,351.1269361707899,-1,,,,,,,,,
39,8,-1,,,,,,,,,-1,39.0,15.85777759552002,69.32040214538574,1.8337970972061157,0.4602462947368622,0.4602462947368622,0.1,0.40221357345581055,357.1127471923828
39,8,-1,15.843506495157877,54.410374111599396,1.793881164656745,0.8315291636519961,0.8315291636519961,0.09999999999999999,0.4209105783038669,347.12109375,-1,,,,,,,,,
40,8,-1,,,,,,,,,-1,40.0,15.943155765533447,68.97694396972656,1.8367253541946411,0.4648178219795227,0.4648178219795227,0.1,0.40978976488113406,353.0106201171875
40,8,-1,15.942037476433647,53.52964083353678,1.7940377924177382,0.6400335232416788,0.6400335232416788,0.09999999999999999,0.46063514947891243,340.7948710123698,-1,,,,,,,,,
41,8,-1,,,,,,,,,-1,41.0,16.02744436264038,68.26696395874023,1.8204904794692993,0.4582868069410324,0.4582868069410324,0.1,0.4275016069412232,348.74916076660156
41,8,-1,16.013722313774956,53.72796842787001,1.7908204529020522,0.9471846289104886,0.9471846289104886,0.09999999999999999,0.4377171013090346,340.54089694552954,-1,,,,,,,,,
42,8,-1,,,,,,,,,-1,42.0,16.088974952697754,67.64534950256348,1.8016294240951538,0.44285283982753754,0.44285283982753754,0.1,0.4481913566589356,344.48529052734375
42,8,-1,16.090066803826225,53.02655940585666,1.7862317032284207,0.8072813981109195,0.8072813981109195,0.09999999999999999,0.39721695449617184,335.02642144097223,-1,,,,,,,,,
43,8,-1,,,,,,,,,-1,43.0,16.18606472015381,66.65200614929199,1.7924925684928894,0.4210745394229889,0.4210745394229889,0.1,0.44133269786834717,339.6670837402344
43,8,-1,16.15884515974257,52.30565049913194,1.7775698105494182,0.8369157281186845,0.8369157281186845,0.09999999999999999,0.4601852787865533,331.2614034016927,-1,,,,,,,,,
44,8,-1,,,,,,,,,-1,44.0,16.239876747131348,65.95560455322266,1.8011712431907654,0.4195127785205841,0.4195127785205841,0.1,0.4537503004074097,335.5625762939453
44,8,-1,16.245297537909615,52.62869453430176,1.7947239875793457,1.0557416611247592,1.0557416611247592,0.09999999999999999,0.3267502546310425,330.26949734157984,-1,,,,,,,,,
45,8,-1,,,,,,,,,-1,45.0,16.279165267944336,65.46523857116699,1.7915477752685547,0.41925227642059326,0.41925227642059326,0.1,0.47239181995391843,331.7820129394531
45,8,-1,16.282631344265408,51.57104174296061,1.771887845463223,0.86414834856987,0.86414834856987,0.09999999999999999,0.41084145969814734,324.24251641167535,-1,,,,,,,,,
46,8,-1,,,,,,,,,-1,46.0,16.380928993225098,64.71521377563477,1.7981347441673279,0.3944787532091141,0.3944787532091141,0.1,0.46562244892120364,327.47088623046875
46,8,-1,16.347852918836807,50.35007201300727,1.7578659057617188,0.9606762992011176,0.9606762992011176,0.09999999999999999,0.5323969973458185,320.91497124565973,-1,,,,,,,,,
47,8,-1,,,,,,,,,-1,47.0,16.47153091430664,64.01059913635254,1.789216935634613,0.4111119508743286,0.4111119508743286,0.1,0.46329286098480227,323.4954528808594
47,8,-1,16.448570675320095,50.09924994574653,1.7701362371444702,0.9136713114049699,0.9136713114049699,0.09999999999999999,0.44117025269402393,316.7017754448785,-1,,,,,,,,,
48,8,-1,,,,,,,,,-1,48.0,16.513611793518066,62.54594612121582,1.7776964902877808,0.37249697744846344,0.37249697744846344,0.1,0.4972610712051392,318.45152282714844
48,8,-1,16.50871573554145,50.00661023457845,1.7676544586817424,1.0999201006359525,1.0999201006359525,0.09999999999999999,0.4583242045508491,315.2847595214844,-1,,,,,,,,,
49,8,-1,,,,,,,,,-1,49.0,16.591943740844727,61.15486717224121,1.7814946174621582,0.3761897385120392,0.3761897385120392,0.1,0.5148628711700439,313.84814453125
49,8,-1,16.56648847791884,48.47353405422635,1.7548711829715304,0.5291877090930939,0.5291877090930939,0.09999999999999999,0.5504227611753676,305.01902940538196,-1,,,,,,,,,
50,8,-1,,,,,,,,,-1,50.0,16.670936584472656,60.720998764038086,1.7781582474708557,0.3868136703968048,0.3868136703968048,0.1,0.518427324295044,310.2531280517578
50,8,-1,16.647336959838867,49.051429748535156,1.7658467690149944,1.3416466514269512,1.3416466514269512,0.09999999999999999,0.36904587083392676,310.3562418619792,-1,,,,,,,,,
51,8,-1,,,,,,,,,-1,51.0,16.73505401611328,59.87106704711914,1.7479467391967773,0.35873517394065857,0.35873517394065857,0.1,0.5201515674591064,306.01416015625
51,8,-1,16.71240086025662,46.42335722181532,1.7378332747353449,0.7918473780155182,0.7918473780155182,0.09999999999999999,0.5603368547227648,299.3847181532118,-1,,,,,,,,,
52,8,-1,,,,,,,,,-1,52.0,16.815248489379883,59.05812454223633,1.7613705396652222,0.3601587861776352,0.3601587861776352,0.1,0.519751501083374,302.11036682128906
52,8,-1,16.789100646972656,46.14786911010742,1.7381972736782498,0.7078904940022362,0.7078904940022362,0.09999999999999999,0.5398686011632283,295.1283026801215,-1,,,,,,,,,
53,8,-1,,,,,,,,,-1,53.0,16.869593620300293,57.95953178405762,1.7596583366394043,0.3293658494949341,0.3293658494949341,0.1,0.5366701602935791,297.4621124267578
53,8,-1,16.85713873969184,46.08611191643609,1.7444445954428778,0.7935781511995528,0.7935781511995528,0.09999999999999999,0.5249266041649713,292.776123046875,-1,,,,,,,,,
54,8,-1,,,,,,,,,-1,54.0,16.885717391967773,56.83506774902344,1.7482096552848816,0.38136765360832214,0.38136765360832214,0.1,0.5743363380432129,294.074951171875
54,8,-1,16.896267784966362,46.86067093743218,1.7691967752244737,1.5114450454711914,1.5114450454711914,0.09999999999999999,0.3733925475014581,297.6829121907552,-1,,,,,,,,,
55,8,-1,,,,,,,,,-1,55.0,16.94642162322998,55.94476127624512,1.7405415177345276,0.353765532374382,0.353765532374382,0.1,0.5601034879684448,290.0143280029297
55,8,-1,16.928610271877712,45.9145393371582,1.7486357821358576,1.0092934800518885,1.0092934800518885,0.09999999999999999,0.47000713878207745,289.0166185167101,-1,,,,,,,,,
56,8,-1,,,,,,,,,-1,56.0,17.045682907104492,55.340206146240234,1.7467715740203857,0.34113581478595734,0.34113581478595734,0.1,0.5225956916809082,286.1366424560547
56,8,-1,17.007629606458877,43.24461979336209,1.7344912952846951,1.2017986112170749,1.2017986112170749,0.09999999999999999,0.551158905029297,285.4316982693142,-1,,,,,,,,,
57,8,-1,,,,,,,,,-1,57.0,17.110703468322754,53.68031883239746,1.7201380133628845,0.3261663019657135,0.3261663019657135,0.1,0.5611003637313843,281.52427673339844
57,8,-1,17.09360949198405,44.50646993849013,1.7340128819147747,0.708773285150528,0.708773285150528,0.09999999999999999,0.4622980541653104,278.77973090277777,-1,,,,,,,,,
58,8,-1,,,,,,,,,-1,58.0,17.16240406036377,51.491512298583984,1.660158932209015,0.3114696592092514,0.3114696592092514,0.1,0.624557614326477,276.22792053222656
58,8,-1,17.146237055460613,41.59569803873698,1.689855284161038,0.6511857079135047,0.6511857079135047,0.09999999999999999,0.5890709771050349,272.5545840793186,-1,,,,,,,,,
59,8,-1,,,,,,,,,-1,59.0,17.23805046081543,48.59789848327637,1.58745676279068,0.29504112899303436,0.29504112899303436,0.1,0.7131495475769043,270.45184326171875
59,8,-1,17.217223273383247,40.08550559149848,1.629666845003764,2.442169315285153,2.442169315285153,0.09999999999999999,0.6181095918019612,285.9932284884983,-1,,,,,,,,,
60,8,-1,,,,,,,,,-1,60.0,17.286663055419922,45.22474002838135,1.5358660817146301,0.30717773735523224,0.30717773735523224,0.1,0.8014117240905763,264.4275131225586
60,8,-1,17.279219309488933,37.505514568752716,1.550345818201701,0.8218910462326474,0.8218910462326474,0.09999999999999999,0.7666451930999756,264.5169932047526,-1,,,,,,,,,
61,8,-1,,,,,,,,,-1,61.0,17.32487678527832,42.06167793273926,1.538154423236847,0.29550787806510925,0.29550787806510925,0.1,0.8132981777191162,258.4856948852539
61,8,-1,17.328064812554253,38.617465337117515,1.6008193095525105,1.170523186524709,1.170523186524709,0.09999999999999999,0.6176647265752158,266.30736965603296,-1,,,,,,,,,
62,8,-1,,,,,,,,,-1,62.0,17.40652370452881,40.84992027282715,1.5576823353767395,0.2798742800951004,0.2798742800951004,0.1,0.7563202619552613,254.27417755126953
62,8,-1,17.380316416422527,35.184992684258354,1.568126426802741,0.9367623229821523,0.9367623229821523,0.09999999999999999,0.7399446381462945,258.01502821180554,-1,,,,,,,,,
63,8,-1,,,,,,,,,-1,63.0,17.47561550140381,38.49940299987793,1.566329300403595,0.30117184668779373,0.30117184668779373,0.1,0.7506425857543946,249.51915740966797
63,8,-1,17.46179962158203,37.30032708909776,1.6286784278021917,0.8817241556114621,0.8817241556114621,0.09999999999999999,0.5471242096689012,256.76322597927515,-1,,,,,,,,,
64,8,-1,,,,,,,,,-1,64.0,17.53966236114502,36.93767833709717,1.5683597922325134,0.3051050305366516,0.3051050305366516,0.1,0.7353934049606323,245.40972137451172
64,8,-1,17.52185885111491,32.50552908579508,1.5684944656160142,0.8693035410510169,0.8693035410510169,0.09999999999999999,0.6752092732323541,249.28286404079861,-1,,,,,,,,,
65,8,-1,,,,,,,,,-1,65.0,17.630277633666992,36.32094478607178,1.5837842226028442,0.27172669768333435,0.27172669768333435,0.1,0.6953233003616334,241.70267486572266
65,8,-1,17.604681226942276,31.601316028171116,1.5765135420693293,1.101480409502983,1.101480409502983,0.09999999999999999,0.6667787392934162,248.02011447482639,-1,,,,,,,,,
66,8,-1,,,,,,,,,-1,66.0,17.684273719787598,34.965877532958984,1.5987263321876526,0.2716245576739311,0.2716245576739311,0.1,0.685577392578125,237.90660858154297
66,8,-1,17.681122885810005,34.012892723083496,1.627839379840427,0.8212954964902666,0.8212954964902666,0.09999999999999999,0.5174673159917195,244.91972859700522,-1,,,,,,,,,
67,8,-1,,,,,,,,,-1,67.0,17.73336410522461,33.81344127655029,1.594996988773346,0.2914030998945236,0.2914030998945236,0.1,0.6706094503402711,234.3826446533203
67,8,-1,17.732037438286675,30.991830190022785,1.6250948773490057,0.7678053941991594,0.7678053941991594,0.09999999999999999,0.616998381084866,238.9918246799045,-1,,,,,,,,,
68,8,-1,,,,,,,,,-1,68.0,17.832233428955078,33.151692390441895,1.6082011461257935,0.29221340268850327,0.29221340268850327,0.1,0.6474958658218384,231.180908203125
68,8,-1,17.803041246202255,32.38705423143175,1.633095622062683,0.9914715753661262,0.9914715753661262,0.09999999999999999,0.5021687931484646,239.91270446777344,-1,,,,,,,,,
69,8,-1,,,,,,,,,-1,69.0,17.885991096496582,31.96312713623047,1.599197804927826,0.2971360832452774,0.2971360832452774,0.1,0.6435151100158691,227.55853271484375
69,8,-1,17.883740531073677,29.991060892740887,1.6207265853881836,1.1740209758281708,1.1740209758281708,0.09999999999999999,0.5084520392947727,236.9114702012804,-1,,,,,,,,,
70,8,-1,,,,,,,,,-1,70.0,17.982884407043457,32.625457763671875,1.6185144186019897,0.2598043233156204,0.2598043233156204,0.1,0.5913323163986206,225.24561309814453
70,8,-1,17.95298343234592,25.84109698401557,1.597392784224616,0.599815246131685,0.599815246131685,0.09999999999999999,0.6710067484113905,224.65771993001303,-1,,,,,,,,,
71,8,-1,,,,,,,,,-1,71.0,18.044745445251465,31.89626693725586,1.623360812664032,0.24853787571191788,0.24853787571191788,0.1,0.5810513257980348,221.81382751464844
71,8,-1,18.041868209838867,27.72249327765571,1.6218178272247314,0.9110173599587547,0.9110173599587547,0.09999999999999999,0.5473264720704819,226.91814676920572,-1,,,,,,,,,
72,8,-1,,,,,,,,,-1,72.0,18.10157012939453,31.07508087158203,1.6320111155509949,0.23842812329530716,0.23842812329530716,0.1,0.5746594429016114,218.43397521972656
72,8,-1,18.092803107367622,27.810847176445854,1.6380940013461642,1.1788571659061644,1.1788571659061644,0.09999999999999999,0.5355884393056234,227.1151852077908,-1,,,,,,,,,
73,8,-1,,,,,,,,,-1,73.0,18.17464542388916,30.321240425109863,1.6356645226478577,0.2365599349141121,0.2365599349141121,0.1,0.5651684522628784,215.2514877319336
73,8,-1,18.164705912272137,27.360255983140732,1.6513776911629572,0.8812878992822435,0.8812878992822435,0.09999999999999999,0.5123266405529446,221.32159084743924,-1,,,,,,,,,
74,8,-1,,,,,,,,,-1,74.0,18.2499361038208,29.326261520385742,1.6452198028564453,0.2804381921887398,0.2804381921887398,0.1,0.5735741376876832,212.54566192626953
74,8,-1,18.237685521443684,27.927842775980633,1.653326431910197,0.9087939411401749,0.9087939411401749,0.09999999999999999,0.45846082369486496,219.86246236165366,-1,,,,,,,,,
75,8,-1,,,,,,,,,-1,75.0,18.32787799835205,29.047612190246582,1.6429947018623352,0.3057468682527542,0.3057468682527542,0.1,0.5590314388275146,210.3682098388672
75,8,-1,18.306502448187935,31.05706893073188,1.703863845931159,1.1078655852211847,1.1078655852211847,0.09999999999999999,0.396746379799313,222.77675035264758,-1,,,,,,,,,
76,8,-1,,,,,,,,,-1,76.0,18.406192779541016,29.710935592651367,1.64785498380661,0.25574394315481186,0.25574394315481186,0.1,0.5105841159820557,208.0446014404297
76,8,-1,18.388869603474934,26.36844539642334,1.6578520271513197,0.7343435519271426,0.7343435519271426,0.09999999999999999,0.5426150215996636,212.1665293375651,-1,,,,,,,,,
77,8,-1,,,,,,,,,-1,77.0,18.488524436950684,29.50227451324463,1.6663475036621094,0.24781373888254166,0.24781373888254166,0.1,0.49553346633911133,205.42489624023438
77,8,-1,18.472529729207356,26.864808718363445,1.6563057237201266,0.5286993301577039,0.5286993301577039,0.09999999999999999,0.46132219897376164,208.02313741048178,-1,,,,,,,,,
78,8,-1,,,,,,,,,-1,78.0,18.504080772399902,28.742145538330078,1.6636916399002075,0.2468864768743515,0.2468864768743515,0.1,0.5010240316390991,202.38336944580078
78,8,-1,18.530246098836262,26.681477334764267,1.6766531997256808,0.6536364157994589,0.6536364157994589,0.09999999999999999,0.47501351833343514,206.80454678005643,-1,,,,,,,,,
79,8,-1,,,,,,,,,-1,79.0,18.564016342163086,28.894204139709473,1.6726570129394531,0.2570119872689247,0.2570119872689247,0.1,0.4868390798568726,200.12315368652344
79,8,-1,18.565867318047417,24.86216714647081,1.676741706000434,0.3506380005015267,0.3506380005015267,0.09999999999999999,0.5513279332054987,199.59875318739148,-1,,,,,,,,,
80,8,-1,,,,,,,,,-1,80.0,18.642308235168457,28.076682090759277,1.6866190433502197,0.23489627987146378,0.23489627987146378,0.1,0.4943825483322144,196.83917999267578
80,8,-1,18.645371543036568,27.00502501593696,1.7006065050760906,0.6326182650195228,0.6326182650195228,0.09999999999999999,0.4326759576797486,202.06935119628906,-1,,,,,,,,,
81,8,-1,,,,,,,,,-1,81.0,18.7045841217041,27.997373580932617,1.6829231977462769,0.23298726230859756,0.23298726230859756,0.1,0.4860808610916138,194.60767364501953
81,8,-1,18.702755822075737,25.822287771436905,1.6866178115208943,0.8372284670670828,0.8372284670670828,0.09999999999999999,0.4116467979219225,200.70411173502603,-1,,,,,,,,,
82,8,-1,,,,,,,,,-1,82.0,18.807011604309082,27.56182289123535,1.6863061785697937,0.23761587589979172,0.23761587589979172,0.1,0.47092919349670415,192.12340545654297
82,8,-1,18.79571427239312,23.270233472188313,1.6811115476820204,0.7580534882015653,0.7580534882015653,0.09999999999999999,0.47313521570629546,195.39854600694446,-1,,,,,,,,,
83,8,-1,,,,,,,,,-1,83.0,18.903778076171875,28.183417320251465,1.6881902813911438,0.24479611963033676,0.24479611963033676,0.1,0.43475099802017214,190.52054595947266
83,8,-1,18.879158443874783,23.197054968939888,1.6814683808220758,0.5997808244493272,0.5997808244493272,0.09999999999999999,0.4504393657048543,191.51668294270834,-1,,,,,,,,,
84,8,-1,,,,,,,,,-1,84.0,18.996265411376953,27.570317268371582,1.7018898725509644,0.24907013028860092,0.24907013028860092,0.1,0.44201107025146485,187.94025421142578
84,8,-1,18.975976520114475,24.213591787550186,1.686814096238878,0.9723386433389452,0.9723386433389452,0.09999999999999999,0.3894019881884257,194.09222920735678,-1,,,,,,,,,
85,8,-1,,,,,,,,,-1,85.0,19.048718452453613,26.78595542907715,1.7009155750274658,0.3012304827570915,0.3012304827570915,0.1,0.4600626230239868,186.0128631591797
85,8,-1,19.051644219292534,26.90996636284722,1.7173262039820354,1.1468006041314867,1.1468006041314867,0.09999999999999999,0.3298667642805312,196.68077256944446,-1,,,,,,,,,
86,8,-1,,,,,,,,,-1,86.0,19.122382164001465,26.625885009765625,1.694163203239441,0.28845586627721786,0.28845586627721786,0.1,0.44306349754333496,183.8608856201172
86,8,-1,19.10361459520128,25.062816937764484,1.7063588698705037,1.0336607065465715,1.0336607065465715,0.09999999999999999,0.34608771006266276,191.91703118218317,-1,,,,,,,,,
87,8,-1,,,,,,,,,-1,87.0,19.258015632629395,27.45841407775879,1.7085928320884705,0.22459561377763748,0.22459561377763748,0.1,0.39764271974563603,182.1221160888672
87,8,-1,19.2037287818061,25.265011151631672,1.7154496378368802,1.0141822662618425,1.0141822662618425,0.09999999999999999,0.38017579979366734,190.07216220431857,-1,,,,,,,,,
88,8,-1,,,,,,,,,-1,88.0,19.319457054138184,27.704001426696777,1.7196282148361206,0.23830515146255493,0.23830515146255493,0.1,0.38099389076232915,180.58099365234375
88,8,-1,19.31745719909668,23.34067991044786,1.7091545926200018,0.5340228875478109,0.5340228875478109,0.09999999999999999,0.37231301996443,181.46751234266492,-1,,,,,,,,,
89,8,-1,,,,,,,,,-1,89.0,19.364209175109863,26.89254379272461,1.7134585976600647,0.2464095950126648,0.2464095950126648,0.1,0.3924742698669434,177.9478759765625
89,8,-1,19.352152082655167,26.840343687269424,1.7390403085284762,0.9689251134792963,0.9689251134792963,0.09999999999999999,0.30436392625172937,187.2523396809896,-1,,,,,,,,,
90,8,-1,,,,,,,,,-1,90.0,19.438886642456055,27.065253257751465,1.7212342023849487,0.220868319272995,0.220868319272995,0.1,0.38338961601257326,176.0247802734375
90,8,-1,19.428711785210503,22.15350776248508,1.7024996678034465,0.7862423559029897,0.7862423559029897,0.09999999999999999,0.38694802125295014,179.04496256510416,-1,,,,,,,,,
91,8,-1,,,,,,,,,-1,91.0,19.489352226257324,27.174155235290527,1.7299415469169617,0.22217503935098648,0.22217503935098648,0.1,0.3672746419906616,174.10807037353516
91,8,-1,19.480640199449326,22.08542251586914,1.7092683712641399,0.45188044177161324,0.45188044177161324,0.09999999999999999,0.38292344941033263,173.6101311577691,-1,,,,,,,,,
92,8,-1,,,,,,,,,-1,92.0,19.54290771484375,26.938949584960938,1.7255735397338867,0.21383555233478546,0.21383555233478546,0.1,0.36436913013458255,171.7321548461914
92,8,-1,19.54296917385525,23.6233336130778,1.7336431476804945,0.46773789988623726,0.46773789988623726,0.09999999999999999,0.37492123974694147,173.2822028266059,-1,,,,,,,,,
93,8,-1,,,,,,,,,-1,93.0,19.604931831359863,26.721455574035645,1.7290035486221313,0.21829862147569656,0.21829862147569656,0.1,0.3720469951629639,169.76988983154297
93,8,-1,19.597117529975044,23.30392286512587,1.7211321062511868,0.7688229216469659,0.7688229216469659,0.09999999999999999,0.3322165211041769,173.93270534939236,-1,,,,,,,,,
94,8,-1,,,,,,,,,-1,94.0,19.674543380737305,26.466471672058105,1.7458675503730774,0.22235483676195145,0.22235483676195145,0.1,0.37064213752746583,167.88863372802734
94,8,-1,19.664233101738823,23.835581461588543,1.752699030770196,0.8345965809292264,0.8345965809292264,0.09999999999999999,0.3150157756275601,173.36167568630643,-1,,,,,,,,,
95,8,-1,,,,,,,,,-1,95.0,19.768818855285645,26.14693546295166,1.7526929378509521,0.268027663230896,0.268027663230896,0.1,0.3756360411643982,166.54955291748047
95,8,-1,19.754095713297527,24.19003179338243,1.7434797816806369,0.9350478914048936,0.9350478914048936,0.09999999999999999,0.28885770108964715,173.11861334906683,-1,,,,,,,,,
96,8,-1,,,,,,,,,-1,96.0,19.809093475341797,26.862560272216797,1.7345569729804993,0.2644776329398155,0.2644776329398155,0.1,0.3367440104484558,165.19190216064453
96,8,-1,19.811933093600803,22.948407385084366,1.7382905880610149,0.4707135342889362,0.4707135342889362,0.09999999999999999,0.3677922752168443,165.51607428656683,-1,,,,,,,,,
97,8,-1,,,,,,,,,-1,97.0,19.949016571044922,27.00542163848877,1.7546985149383545,0.23386238515377045,0.23386238515377045,0.1,0.3271896123886109,163.4069061279297
97,8,-1,19.900678846571182,21.71231354607476,1.7294032706154718,0.7172018223338656,0.7172018223338656,0.09999999999999999,0.3140876531600953,164.88081698947482,-1,,,,,,,,,
98,8,-1,,,,,,,,,-1,98.0,19.963314056396484,26.656394004821777,1.755174696445465,0.21036776900291443,0.21036776900291443,0.1,0.3237910866737366,161.05785369873047
98,8,-1,19.98777919345432,21.169092178344727,1.729464054107666,0.668862834572792,0.668862834572792,0.09999999999999999,0.324430689546797,162.2178480360243,-1,,,,,,,,,
99,8,-1,,,,,,,,,-1,99.0,20.004673957824707,26.354594230651855,1.760094404220581,0.20997515320777893,0.20997515320777893,0.1,0.32488718032836916,159.03759765625
99,8,-1,20.012507756551106,22.25079123179118,1.7449635929531522,0.5740525606605742,0.5740525606605742,0.09999999999999999,0.3353640503353543,160.58493889702692,-1,,,,,,,,,
100,8,-1,,,,,,,,,-1,100.0,20.096705436706543,26.460272789001465,1.763242244720459,0.19998819380998611,0.19998819380998611,0.1,0.3212270021438599,157.5151138305664
100,8,-1,20.08189519246419,22.155618879530167,1.7520603603786893,1.018227653370963,1.018227653370963,0.09999999999999999,0.306982950369517,163.29969278971353,-1,,,,,,,,,
101,8,-1,,,,,,,,,-1,101.0,20.15002155303955,26.832453727722168,1.7617565989494324,0.22586189210414886,0.22586189210414886,0.1,0.304184103012085,156.49110412597656
101,8,-1,20.166713290744358,22.171163241068523,1.7636867099338107,0.40690555175145465,0.40690555175145465,0.09999999999999999,0.33738122781117763,155.71346198187933,-1,,,,,,,,,
102,8,-1,,,,,,,,,-1,102.0,20.254399299621582,26.450923919677734,1.7616606950759888,0.2027246057987213,0.2027246057987213,0.1,0.3091238498687744,154.39165496826172
102,8,-1,20.232569800482857,23.774586359659832,1.7669023407830133,0.8003772911098268,0.8003772911098268,0.09999999999999999,0.2818821827570598,159.52317131890192,-1,,,,,,,,,
103,8,-1,,,,,,,,,-1,103.0,20.30291748046875,26.68429183959961,1.7742908000946045,0.21820586174726486,0.21820586174726486,0.1,0.29885236024856565,153.1266632080078
103,8,-1,20.31523683336046,21.846446885002983,1.7631443871392145,0.42443757587009007,0.42443757587009007,0.09999999999999999,0.3166960941420661,152.30810038248697,-1,,,,,,,,,
104,8,-1,,,,,,,,,-1,104.0,20.367573738098145,26.374614715576172,1.7819762229919434,0.19671688228845596,0.19671688228845596,0.1,0.303169310092926,151.08456420898438
104,8,-1,20.36644215053982,24.334260092841255,1.7980518208609686,0.6258798489967982,0.6258798489967982,0.09999999999999999,0.2880106767018636,155.1837853325738,-1,,,,,,,,,
105,8,-1,,,,,,,,,-1,105.0,20.46852207183838,25.83611011505127,1.791948139667511,0.2584392577409744,0.2584392577409744,0.1,0.31750471591949464,149.92144012451172
105,8,-1,20.452700508965385,23.170697530110676,1.766630040274726,0.7674516687790552,0.7674516687790552,0.09999999999999999,0.254002320766449,153.96397569444446,-1,,,,,,,,,
106,8,-1,,,,,,,,,-1,106.0,20.493574142456055,26.29410457611084,1.775103509426117,0.23506132513284683,0.23506132513284683,0.1,0.29409223794937134,148.56644439697266
106,8,-1,20.526575512356228,22.30255381266276,1.7750409311718411,0.9066980646716224,0.9066980646716224,0.09999999999999999,0.3030682113435534,153.15909491644965,-1,,,,,,,,,
107,8,-1,,,,,,,,,-1,107.0,20.611164093017578,26.626689910888672,1.7891281843185425,0.21162624657154083,0.21162624657154083,0.1,0.2801924586296082,147.31664276123047
107,8,-1,20.57970216539171,20.80900700887044,1.7680985927581787,0.5519877456956439,0.5519877456956439,0.09999999999999999,0.28365170160929365,146.56364101833768,-1,,,,,,,,,
108,8,-1,,,,,,,,,-1,108.0,20.689485549926758,26.349949836730957,1.7934226393699646,0.2005513235926628,0.2005513235926628,0.1,0.2769408941268921,145.41999053955078
108,8,-1,20.686791314019096,22.623060544331867,1.7957331869337294,0.47466659877035355,0.47466659877035355,0.09999999999999999,0.28779662450154625,146.25126478407117,-1,,,,,,,,,
109,8,-1,,,,,,,,,-1,109.0,20.738024711608887,26.373031616210938,1.7941296696662903,0.19458037614822388,0.19458037614822388,0.1,0.27095872163772583,143.96435546875
109,8,-1,20.752376344468857,23.886628680759006,1.8091220325893826,0.7043924679358801,0.7043924679358801,0.09999999999999999,0.2701821618609958,148.38765123155383,-1,,,,,,,,,
110,8,-1,,,,,,,,,-1,110.0,20.745529174804688,26.40776824951172,1.7905356287956238,0.24411964416503906,0.24411964416503906,0.1,0.26785748004913335,142.94174194335938
110,8,-1,20.77754063076443,20.1110290951199,1.7752879063288372,0.46046771936946446,0.46046771936946446,0.09999999999999999,0.2911372754308913,140.656366136339,-1,,,,,,,,,
111,8,-1,,,,,,,,,-1,111.0,20.820666313171387,26.042580127716064,1.8054189085960388,0.20640777051448822,0.20640777051448822,0.1,0.27592383623123173,140.81319427490234
111,8,-1,20.82256507873535,22.38125991821289,1.8114716874228582,0.396100511153539,0.396100511153539,0.09999999999999999,0.2859065943294101,140.79786173502603,-1,,,,,,,,,
112,8,-1,,,,,,,,,-1,112.0,20.889841079711914,25.940102100372314,1.811414897441864,0.19068820774555206,0.19068820774555206,0.1,0.27681177854537964,139.2436752319336
112,8,-1,20.901678297254776,22.75903712378608,1.814634256892734,0.6272211753659778,0.6272211753659778,0.09999999999999999,0.26003651618957524,142.09990692138672,-1,,,,,,,,,
113,8,-1,,,,,,,,,-1,113.0,20.924142837524414,26.039801597595215,1.8153881430625916,0.1984436735510826,0.1984436735510826,0.1,0.26694406270980836,138.04622650146484
113,8,-1,20.946204291449654,21.61567391289605,1.8014839092890422,0.5471590790483687,0.5471590790483687,0.09999999999999999,0.27340870168473985,138.75352393256293,-1,,,,,,,,,
114,8,-1,,,,,,,,,-1,114.0,20.99605369567871,26.03577756881714,1.8142079710960388,0.18822059780359268,0.18822059780359268,0.1,0.2632329821586609,136.63807678222656
114,8,-1,21.00889735751682,19.859960556030273,1.801055325402154,0.35656185613738167,0.35656185613738167,0.09999999999999999,0.2972131040361193,133.78375498453775,-1,,,,,,,,,
115,8,-1,,,,,,,,,-1,115.0,21.12225914001465,25.55034351348877,1.819654107093811,0.23281504958868027,0.23281504958868027,0.1,0.2771295428276062,135.5047721862793
115,8,-1,21.091533448961044,21.48203722635905,1.8021206325954862,0.6231353936923875,0.6231353936923875,0.09999999999999999,0.23699750105539963,136.74768235948352,-1,,,,,,,,,
116,8,-1,,,,,,,,,-1,116.0,21.146427154541016,25.514357089996338,1.8230218887329102,0.18552614748477936,0.18552614748477936,0.1,0.26850003004074097,133.75672912597656
116,8,-1,21.199031194051106,25.109938621520996,1.8573786682552762,0.6503539383411407,0.6503539383411407,0.09999999999999999,0.2519760953055488,139.6507771809896,-1,,,,,,,,,
117,8,-1,,,,,,,,,-1,117.0,21.197551727294922,25.8907527923584,1.8169564008712769,0.20224030315876007,0.20224030315876007,0.1,0.25429625511169435,133.0333366394043
117,8,-1,21.21003595987956,23.14923487769233,1.835137791103787,0.4316515227158864,0.4316515227158864,0.09999999999999999,0.26029657125473027,134.11219872368707,-1,,,,,,,,,
118,8,-1,,,,,,,,,-1,118.0,21.339801788330078,25.919766426086426,1.8383659720420837,0.2238493263721466,0.2238493263721466,0.1,0.2539364218711853,132.2474708557129
118,8,-1,21.313732782999676,22.570959091186523,1.8314663171768188,0.4674610313442018,0.4674610313442018,0.09999999999999999,0.2370411740409003,132.7225604587131,-1,,,,,,,,,
119,8,-1,,,,,,,,,-1,119.0,21.384791374206543,26.05337953567505,1.834008812904358,0.1833421140909195,0.1833421140909195,0.1,0.24551858901977539,130.76026916503906
119,8,-1,21.40066189236111,24.422168307834202,1.8635156154632568,0.7397552645868726,0.7397552645868726,0.09999999999999999,0.21884323623445298,136.1674516465929,-1,,,,,,,,,
120,8,-1,,,,,,,,,-1,120.0,21.440117835998535,25.76715850830078,1.8303046226501465,0.20049496740102768,0.20049496740102768,0.1,0.24593515396118165,129.5448989868164
120,8,-1,21.475381003485786,21.638223754035103,1.8344776895311143,0.37556138303544784,0.37556138303544784,0.09999999999999999,0.2521089010768467,128.6772028605143,-1,,,,,,,,,
121,8,-1,,,,,,,,,-1,121.0,21.44114112854004,26.10391616821289,1.8233338594436646,0.2393614649772644,0.2393614649772644,0.1,0.2301521420478821,128.88910675048828
121,8,-1,21.48442120022244,20.863136609395344,1.834530962838067,0.23705783320797813,0.23705783320797813,0.09999999999999999,0.2596776882807414,125.17730204264323,-1,,,,,,,,,
122,8,-1,,,,,,,,,-1,122.0,21.57183837890625,26.05008029937744,1.8416967391967773,0.181488536298275,0.181488536298275,0.1,0.2365878462791443,127.21108627319336
122,8,-1,21.562519709269207,21.15732415517171,1.8270337846544054,0.41208822859658134,0.41208822859658134,0.09999999999999999,0.23062908914354116,126.02025180392795,-1,,,,,,,,,
123,8,-1,,,,,,,,,-1,123.0,21.631343841552734,25.69100046157837,1.8460948467254639,0.1841217279434204,0.1841217279434204,0.1,0.23981260061264037,125.80792999267578
123,8,-1,21.64120864868164,23.01768143971761,1.8496394554773967,0.6800630432036188,0.6800630432036188,0.09999999999999999,0.21115653779771593,129.4340294731988,-1,,,,,,,,,
124,8,-1,,,,,,,,,-1,124.0,21.695761680603027,25.868751525878906,1.8506191968917847,0.1864957958459854,0.1864957958459854,0.1,0.23266938924789432,125.00614547729492
124,8,-1,21.71655888027615,21.682949595981174,1.8468394411934748,0.4836297018660439,0.4836297018660439,0.09999999999999999,0.2256341126230028,125.14064280192058,-1,,,,,,,,,
125,8,-1,,,,,,,,,-1,125.0,21.727479934692383,25.56965398788452,1.8486256003379822,0.1898847371339798,0.1898847371339798,0.1,0.2276676058769226,123.64540100097656
125,8,-1,21.762327194213867,22.44242329067654,1.8622796138127644,0.3827200283606847,0.3827200283606847,0.09999999999999999,0.21976094643274946,123.82014295789931,-1,,,,,,,,,
126,8,-1,,,,,,,,,-1,126.0,21.812911987304688,25.87422752380371,1.8472623229026794,0.19203869253396988,0.19203869253396988,0.1,0.2182980000972748,122.94552612304688
126,8,-1,21.81794653998481,20.737471368577744,1.828213307592604,0.647130936384201,0.647130936384201,0.09999999999999999,0.2217854181925456,123.64218224419488,-1,,,,,,,,,
127,8,-1,,,,,,,,,-1,127.0,21.890110969543457,25.93687677383423,1.8622452020645142,0.17519590258598328,0.17519590258598328,0.1,0.21589069366455077,121.81002044677734
127,8,-1,21.89561865064833,20.025727166069878,1.8388999965455797,0.4053362293375863,0.4053362293375863,0.09999999999999999,0.22445425987243656,119.49892934163411,-1,,,,,,,,,
128,8,-1,,,,,,,,,-1,128.0,21.929086685180664,25.895030975341797,1.849849820137024,0.1825229451060295,0.1825229451060295,0.1,0.21412111520767213,120.79137420654297
128,8,-1,21.97357326083713,21.026924027336968,1.8553171422746446,0.3992450336615245,0.3992450336615245,0.09999999999999999,0.22162484327952073,119.48507097032335,-1,,,,,,,,,
129,8,-1,,,,,,,,,-1,129.0,22.003253936767578,25.727272987365723,1.8595371842384338,0.176202692091465,0.176202692091465,0.1,0.21690710783004763,119.62623977661133
129,8,-1,22.01171980963813,23.802158779568142,1.8862604300181072,0.4527139506406254,0.4527139506406254,0.09999999999999999,0.20308169126510625,121.74838511149089,-1,,,,,,,,,
130,8,-1,,,,,,,,,-1,130.0,22.105177879333496,25.61388349533081,1.8720716834068298,0.23278188705444336,0.23278188705444336,0.1,0.21728071570396423,119.30251693725586
130,8,-1,22.09896002875434,21.618685404459637,1.8462602429919772,0.6957935069998106,0.6957935069998106,0.09999999999999999,0.18654725154240925,121.05258348253038,-1,,,,,,,,,
131,8,-1,,,,,,,,,-1,131.0,22.110411643981934,25.926950454711914,1.8627281785011292,0.17468582838773727,0.17468582838773727,0.1,0.2056873023509979,117.98259353637695
131,8,-1,22.164497799343533,20.429889572991264,1.866142537858751,0.4047896878586875,0.4047896878586875,0.09999999999999999,0.21729800966050894,116.09843275282118,-1,,,,,,,,,
132,8,-1,,,,,,,,,-1,132.0,22.17092800140381,25.537383556365967,1.8535825610160828,0.18301956355571747,0.18301956355571747,0.1,0.2081640362739563,116.75787734985352
132,8,-1,22.19171905517578,20.840053664313423,1.8564230071173773,0.36846549560626346,0.36846549560626346,0.09999999999999999,0.20945408741633098,115.10186937120226,-1,,,,,,,,,
